approved_at_utc,subreddit,selftext,author_fullname,saved,mod_reason_title,gilded,clicked,title,link_flair_richtext,subreddit_name_prefixed,hidden,pwls,link_flair_css_class,downs,thumbnail_height,hide_score,name,quarantine,link_flair_text_color,upvote_ratio,author_flair_background_color,subreddit_type,ups,total_awards_received,media_embed,thumbnail_width,author_flair_template_id,is_original_content,user_reports,secure_media,is_reddit_media_domain,is_meta,category,secure_media_embed,link_flair_text,can_mod_post,score,approved_by,author_premium,thumbnail,edited,author_flair_css_class,author_flair_richtext,gildings,content_categories,is_self,mod_note,created,link_flair_type,wls,removed_by_category,banned_by,author_flair_type,domain,allow_live_comments,selftext_html,likes,suggested_sort,banned_at_utc,view_count,archived,no_follow,is_crosspostable,pinned,over_18,all_awardings,awarders,media_only,can_gild,spoiler,locked,author_flair_text,treatment_tags,visited,removed_by,num_reports,distinguished,subreddit_id,mod_reason_by,removal_reason,link_flair_background_color,id,is_robot_indexable,report_reasons,author,discussion_type,num_comments,send_replies,whitelist_status,contest_mode,mod_reports,author_patreon_flair,author_flair_text_color,permalink,parent_whitelist_status,stickied,url,subreddit_subscribers,created_utc,num_crossposts,media,is_video,link_flair_template_id,post_hint,preview
,googlehome,"[\[FAQ - Frequently Asked Questions\]](https://www.reddit.com/r/googlehome/wiki/faq)  We've already answered most of the basics. For example: There is no way to change the wake words. There is no setting for less talkative responses (but there is a useful workaround).

[\[Commands\]](https://www.reddit.com/r/googlehome/wiki/commands)  Read the list of favorite commands to use with your Google Home. The topics will give you helpful ideas for what you can do with your device.

[\[New Features\]](https://www.reddit.com/r/googlehome/wiki/new_features)  If you are curious about the new features that have rolled out lately, then read this list. It is updated as we find out about new releases from Google.

Check the subreddit wiki sidebar for more helpful links, including available 3rd Party Apps [\[Actions &amp; Apps\]](https://assistant.google.com/explore/) and fun [\[Easter Eggs\]](https://www.reddit.com/r/googlehome/wiki/eastereggs).",t2_q648wkk,False,,0,False,FAQ: Please read the subreddit FAQ before posting similar questions! Also read the subreddit Rules in the sidebar.,[],r/googlehome,False,6,,0,,False,t3_aeaezy,False,dark,0.86,,public,50,0,{},,,False,[],,False,False,,{},,False,50,,False,self,1586012113.0,,[],{},,True,,1547091358.0,text,6,,,text,self.googlehome,True,"&lt;!-- SC_OFF --&gt;&lt;div class=""md""&gt;&lt;p&gt;&lt;a href=""https://www.reddit.com/r/googlehome/wiki/faq""&gt;[FAQ - Frequently Asked Questions]&lt;/a&gt;  We&amp;#39;ve already answered most of the basics. For example: There is no way to change the wake words. There is no setting for less talkative responses (but there is a useful workaround).&lt;/p&gt;

&lt;p&gt;&lt;a href=""https://www.reddit.com/r/googlehome/wiki/commands""&gt;[Commands]&lt;/a&gt;  Read the list of favorite commands to use with your Google Home. The topics will give you helpful ideas for what you can do with your device.&lt;/p&gt;

&lt;p&gt;&lt;a href=""https://www.reddit.com/r/googlehome/wiki/new_features""&gt;[New Features]&lt;/a&gt;  If you are curious about the new features that have rolled out lately, then read this list. It is updated as we find out about new releases from Google.&lt;/p&gt;

&lt;p&gt;Check the subreddit wiki sidebar for more helpful links, including available 3rd Party Apps &lt;a href=""https://assistant.google.com/explore/""&gt;[Actions &amp;amp; Apps]&lt;/a&gt; and fun &lt;a href=""https://www.reddit.com/r/googlehome/wiki/eastereggs""&gt;[Easter Eggs]&lt;/a&gt;.&lt;/p&gt;
&lt;/div&gt;&lt;!-- SC_ON --&gt;",,,,,True,False,False,False,False,[],[],False,False,False,True,,[],False,,,moderator,t5_3enp4,,,,aeaezy,True,,2tuff4u2,,0,True,all_ads,False,[],False,,/r/googlehome/comments/aeaezy/faq_please_read_the_subreddit_faq_before_posting/,all_ads,True,https://www.reddit.com/r/googlehome/comments/aeaezy/faq_please_read_the_subreddit_faq_before_posting/,152107,1547062558.0,0,,False,,,
,googlehome,"Do you want to liberate your Google so it can get a haircut?

Do you think your Google issues are a hoax and were created by 5G to target you personally?

Are you trying to inject Google with disinfectant to ""cure"" the bugs?

Please tell us about your Google problems. Post all your rants, complaints, and frustrations here! Vent it all out!",t2_8hlsb,False,,0,False,My Google has Coronavirus! - Monthly Rants and Complaints Thread - May 2020,[],r/googlehome,False,6,,0,,False,t3_gbjla7,False,dark,1.0,,public,10,0,{},,80ba4be6-af87-11e6-b064-0e721f4e89b2,False,[],,False,False,,{},,False,10,,False,self,1588350132.0,,[],{},,True,,1588373782.0,text,6,,,text,self.googlehome,False,"&lt;!-- SC_OFF --&gt;&lt;div class=""md""&gt;&lt;p&gt;Do you want to liberate your Google so it can get a haircut?&lt;/p&gt;

&lt;p&gt;Do you think your Google issues are a hoax and were created by 5G to target you personally?&lt;/p&gt;

&lt;p&gt;Are you trying to inject Google with disinfectant to &amp;quot;cure&amp;quot; the bugs?&lt;/p&gt;

&lt;p&gt;Please tell us about your Google problems. Post all your rants, complaints, and frustrations here! Vent it all out!&lt;/p&gt;
&lt;/div&gt;&lt;!-- SC_ON --&gt;",,,,,False,False,False,False,False,[],[],False,False,False,False,GH|CC|HH|ST|Hue|Nest|TP-Link|Arlo|IFTTT,[],False,,,,t5_3enp4,,,,gbjla7,True,,reddit_in_portland,,35,False,all_ads,False,[],False,dark,/r/googlehome/comments/gbjla7/my_google_has_coronavirus_monthly_rants_and/,all_ads,True,https://www.reddit.com/r/googlehome/comments/gbjla7/my_google_has_coronavirus_monthly_rants_and/,152107,1588344982.0,0,,False,,,
,googlehome,Because that's all it is.,t2_1mgxh,False,,0,False,[Subreddit Request] Can we rename this subreddit to r/googlehomegripes?,[],r/googlehome,False,6,,0,,False,t3_giae10,False,dark,0.76,,public,37,0,{},,,False,[],,False,False,,{},Other,False,37,,False,self,False,,[],{},,True,,1589315754.0,text,6,,,text,self.googlehome,False,"&lt;!-- SC_OFF --&gt;&lt;div class=""md""&gt;&lt;p&gt;Because that&amp;#39;s all it is.&lt;/p&gt;
&lt;/div&gt;&lt;!-- SC_ON --&gt;",,,,,False,False,False,False,False,[],[],False,False,False,False,,[],False,,,,t5_3enp4,,,,giae10,True,,dep,,8,True,all_ads,False,[],False,,/r/googlehome/comments/giae10/subreddit_request_can_we_rename_this_subreddit_to/,all_ads,False,https://www.reddit.com/r/googlehome/comments/giae10/subreddit_request_can_we_rename_this_subreddit_to/,152107,1589286954.0,0,,False,489ab03e-b78e-11e6-8fd6-0e00dc2f4472,,
,googlehome,,t2_mnm0w,False,,0,False,This one really takes the cake.,[],r/googlehome,False,6,,0,94.0,False,t3_gi22gb,False,dark,0.97,,public,180,0,{},140.0,80ba4be6-af87-11e6-b064-0e721f4e89b2,False,[],,False,False,,{},,False,180,,False,https://b.thumbs.redditmedia.com/vpqXCuvpO1Pr8QZKIwk-SL0adwtgbVYThd93_ddcrkU.jpg,False,,[],{},,False,,1589278837.0,text,6,,,text,i.imgur.com,False,,,,,,False,False,False,False,False,[],[],False,False,False,False,"Cricket, cricket, cricket.",[],False,,,,t5_3enp4,,,,gi22gb,True,,beaverinablender,,9,True,all_ads,False,[],False,dark,/r/googlehome/comments/gi22gb/this_one_really_takes_the_cake/,all_ads,False,https://i.imgur.com/vli0N3i.jpg,152107,1589250037.0,0,,False,,image,"{'images': [{'source': {'url': 'https://external-preview.redd.it/1DzNpqvNOoMWpt6g59oMHWvkMhbo15X92sWu1IkW40U.png?auto=webp&amp;s=f4be2461a2039d747256966836e585d7a34f64d7', 'width': 653, 'height': 440}, 'resolutions': [{'url': 'https://external-preview.redd.it/1DzNpqvNOoMWpt6g59oMHWvkMhbo15X92sWu1IkW40U.png?width=108&amp;crop=smart&amp;auto=webp&amp;s=d5c4424965ea8f4ec0b25a6ab0b5e8fab9d808e0', 'width': 108, 'height': 72}, {'url': 'https://external-preview.redd.it/1DzNpqvNOoMWpt6g59oMHWvkMhbo15X92sWu1IkW40U.png?width=216&amp;crop=smart&amp;auto=webp&amp;s=aa800c7e0ea4d207c5501bca25f63bc13f4b3eb3', 'width': 216, 'height': 145}, {'url': 'https://external-preview.redd.it/1DzNpqvNOoMWpt6g59oMHWvkMhbo15X92sWu1IkW40U.png?width=320&amp;crop=smart&amp;auto=webp&amp;s=2efcbb95010f6e8e104ac8640b89855d2c6312bf', 'width': 320, 'height': 215}, {'url': 'https://external-preview.redd.it/1DzNpqvNOoMWpt6g59oMHWvkMhbo15X92sWu1IkW40U.png?width=640&amp;crop=smart&amp;auto=webp&amp;s=fcf50f9eada18d5460895d2a005292b0a2e62e34', 'width': 640, 'height': 431}], 'variants': {}, 'id': 'RHRXGipkNkHqpeo2w65o4cm5lTaRRMrN1bL39IIhZ9g'}], 'enabled': True}"
,googlehome,,t2_me5yarn,False,,0,False,Where did my routines go to? They're still in the settings but not here and they don't work.,[],r/googlehome,False,6,,0,94.0,False,t3_ght4yu,False,light,0.99,,public,222,0,{},140.0,,False,[],,True,False,,{},Bug,False,222,,False,https://b.thumbs.redditmedia.com/1VsipXOv8ZAG6zSVJzwNSTObKjhlJcA6bL2VAHJAyjU.jpg,False,,[],{},,False,,1589249986.0,text,6,,,text,i.redd.it,False,,,,,,False,False,False,False,False,[],[],False,False,False,False,,[],False,,,,t5_3enp4,,,#ea0027,ght4yu,True,,Dio-V,,19,True,all_ads,False,[],False,,/r/googlehome/comments/ght4yu/where_did_my_routines_go_to_theyre_still_in_the/,all_ads,False,https://i.redd.it/nmag8r30h6y41.png,152107,1589221186.0,0,,False,0ab35abe-b78e-11e6-9303-0ed3c72a1f42,image,"{'images': [{'source': {'url': 'https://preview.redd.it/nmag8r30h6y41.png?auto=webp&amp;s=eb50027809110ca719edeebb9e146625fc68219f', 'width': 2048, 'height': 1384}, 'resolutions': [{'url': 'https://preview.redd.it/nmag8r30h6y41.png?width=108&amp;crop=smart&amp;auto=webp&amp;s=83ab3b0954f56b1648fb57bd87fb60aea5ea50e5', 'width': 108, 'height': 72}, {'url': 'https://preview.redd.it/nmag8r30h6y41.png?width=216&amp;crop=smart&amp;auto=webp&amp;s=f014ee91b1e9870e09646191c3608d20317c413f', 'width': 216, 'height': 145}, {'url': 'https://preview.redd.it/nmag8r30h6y41.png?width=320&amp;crop=smart&amp;auto=webp&amp;s=5d0f3a13eb7788e129e5247ec7cb4acf41fc5869', 'width': 320, 'height': 216}, {'url': 'https://preview.redd.it/nmag8r30h6y41.png?width=640&amp;crop=smart&amp;auto=webp&amp;s=d8a0c6c6a79ce53a86070c0dda1766d8071e383b', 'width': 640, 'height': 432}, {'url': 'https://preview.redd.it/nmag8r30h6y41.png?width=960&amp;crop=smart&amp;auto=webp&amp;s=41948618bb024d8567a6ff21878ce9dd78376cb9', 'width': 960, 'height': 648}, {'url': 'https://preview.redd.it/nmag8r30h6y41.png?width=1080&amp;crop=smart&amp;auto=webp&amp;s=b2ea181a09453e6e004408ff0f978ccc76c1ab00', 'width': 1080, 'height': 729}], 'variants': {}, 'id': 'cv1w7qlrZabagPTdq_9b6oaCykn-UngXzpujWW9xz3M'}], 'enabled': True}"
,googlehome,,t2_pelv6,False,,0,False,Somehow I got Netflix to play on my Chromecast and home group,[],r/googlehome,False,6,,0,140.0,False,t3_gia6rg,False,dark,0.75,,public,4,0,{},140.0,,False,[],,True,False,,{},,False,4,,False,https://b.thumbs.redditmedia.com/he0NtUTGBafhQDIZGvwjPT2nhdDJMbbiBGiFeKhZ8Vc.jpg,False,,[],{},,False,,1589314925.0,text,6,,,text,i.redd.it,False,,,,,,False,False,False,False,False,[],[],False,False,False,False,,[],False,,,,t5_3enp4,,,,gia6rg,True,,over__________9000,,9,True,all_ads,False,[],False,,/r/googlehome/comments/gia6rg/somehow_i_got_netflix_to_play_on_my_chromecast/,all_ads,False,https://i.redd.it/yzfwnnyvtby41.jpg,152107,1589286125.0,0,,False,,image,"{'images': [{'source': {'url': 'https://preview.redd.it/yzfwnnyvtby41.jpg?auto=webp&amp;s=560affa1fa564c86d85fc5ca05f33b8eb0906251', 'width': 3024, 'height': 4032}, 'resolutions': [{'url': 'https://preview.redd.it/yzfwnnyvtby41.jpg?width=108&amp;crop=smart&amp;auto=webp&amp;s=87338ba8074625cdf5df071a3122e6178730235d', 'width': 108, 'height': 144}, {'url': 'https://preview.redd.it/yzfwnnyvtby41.jpg?width=216&amp;crop=smart&amp;auto=webp&amp;s=148277aa0a91b7e97162b16b215a6cca4911518d', 'width': 216, 'height': 288}, {'url': 'https://preview.redd.it/yzfwnnyvtby41.jpg?width=320&amp;crop=smart&amp;auto=webp&amp;s=ced9ec99a2ea6d3a03b03eab5b7c585e40a5ff72', 'width': 320, 'height': 426}, {'url': 'https://preview.redd.it/yzfwnnyvtby41.jpg?width=640&amp;crop=smart&amp;auto=webp&amp;s=2e37eb9253a966c9196db18f57e13d43363aae51', 'width': 640, 'height': 853}, {'url': 'https://preview.redd.it/yzfwnnyvtby41.jpg?width=960&amp;crop=smart&amp;auto=webp&amp;s=1fbe912f32866f4d0e68ce6a9ddd8ac4df4ec1f5', 'width': 960, 'height': 1280}, {'url': 'https://preview.redd.it/yzfwnnyvtby41.jpg?width=1080&amp;crop=smart&amp;auto=webp&amp;s=0d2263f45022b454123eefb8b1411afe0b03a7c4', 'width': 1080, 'height': 1440}], 'variants': {}, 'id': 'iLagK3lAIt-Zx2KzMbWPgo3yEHSAnyMhV-qDPA4ZL5E'}], 'enabled': True}"
,googlehome,"So I set an alarm there and Google responded 'No problem'.

This isn't normal behaviour is it? Usually it reads back every single command in excruciating detail. I can't actually remember it ever saying 'No problem' before.",t2_4jmd4xz0,False,,0,False,Google just said no problem,[],r/googlehome,False,6,,0,,False,t3_gi6i9v,False,dark,1.0,,public,5,0,{},,,False,[],,False,False,,{},,False,5,,False,self,False,,[],{},,True,,1589297584.0,text,6,,,text,self.googlehome,False,"&lt;!-- SC_OFF --&gt;&lt;div class=""md""&gt;&lt;p&gt;So I set an alarm there and Google responded &amp;#39;No problem&amp;#39;.&lt;/p&gt;

&lt;p&gt;This isn&amp;#39;t normal behaviour is it? Usually it reads back every single command in excruciating detail. I can&amp;#39;t actually remember it ever saying &amp;#39;No problem&amp;#39; before.&lt;/p&gt;
&lt;/div&gt;&lt;!-- SC_ON --&gt;",,,,,False,True,False,False,False,[],[],False,False,False,False,,[],False,,,,t5_3enp4,,,,gi6i9v,True,,zebbiehedges,,5,True,all_ads,False,[],False,,/r/googlehome/comments/gi6i9v/google_just_said_no_problem/,all_ads,False,https://www.reddit.com/r/googlehome/comments/gi6i9v/google_just_said_no_problem/,152107,1589268784.0,0,,False,,,
,googlehome,"Recently got a Nest WiFi router. I currently live on my own, but I'm wondering how this works in case I have guests over - can anyone connected to my network mess with my router if they have the Google Home app? Or is there some piece I'm missing that will prevent that?",t2_bujoj,False,,0,False,Nest WiFi - who can access router settings?,[],r/googlehome,False,6,,0,,True,t3_gicjdj,False,dark,1.0,,public,1,0,{},,,False,[],,False,False,,{},Help,False,1,,False,self,False,,[],{},,True,,1589323498.0,text,6,,,text,self.googlehome,False,"&lt;!-- SC_OFF --&gt;&lt;div class=""md""&gt;&lt;p&gt;Recently got a Nest WiFi router. I currently live on my own, but I&amp;#39;m wondering how this works in case I have guests over - can anyone connected to my network mess with my router if they have the Google Home app? Or is there some piece I&amp;#39;m missing that will prevent that?&lt;/p&gt;
&lt;/div&gt;&lt;!-- SC_ON --&gt;",,,,,False,True,False,False,False,[],[],False,False,False,False,,[],False,,,,t5_3enp4,,,,gicjdj,True,,11tracer,,0,True,all_ads,False,[],False,,/r/googlehome/comments/gicjdj/nest_wifi_who_can_access_router_settings/,all_ads,False,https://www.reddit.com/r/googlehome/comments/gicjdj/nest_wifi_who_can_access_router_settings/,152107,1589294698.0,0,,False,008d9c20-b78e-11e6-9e45-0e53646228d0,,
,googlehome,,t2_70r6i,False,,0,False,"Hi, all! I'm a developer who recently built a Google Home and web app, Grillme, that lets you get quizzed by Google. You can add &amp; edit your own quiz questions &amp; answers and your assistant updates in real time. I hope it can help some of you study: https://grillme.dev/.",[],r/googlehome,False,6,,0,105.0,True,t3_gibzj3,False,dark,1.0,,public,1,0,"{'content': '&lt;iframe width=""459"" height=""344"" src=""https://www.youtube.com/embed/Q0j9Pu6JGW0?feature=oembed&amp;enablejsapi=1"" frameborder=""0"" allow=""accelerometer; autoplay; encrypted-media; gyroscope; picture-in-picture"" allowfullscreen&gt;&lt;/iframe&gt;', 'width': 459, 'scrolling': False, 'height': 344}",140.0,,False,[],"{'type': 'youtube.com', 'oembed': {'provider_url': 'https://www.youtube.com/', 'version': '1.0', 'title': 'Grillme: Get Quizzed by Alexa.', 'type': 'video', 'thumbnail_width': 480, 'height': 344, 'width': 459, 'html': '&lt;iframe width=""459"" height=""344"" src=""https://www.youtube.com/embed/Q0j9Pu6JGW0?feature=oembed&amp;enablejsapi=1"" frameborder=""0"" allow=""accelerometer; autoplay; encrypted-media; gyroscope; picture-in-picture"" allowfullscreen&gt;&lt;/iframe&gt;', 'author_name': 'aisoft', 'provider_name': 'YouTube', 'thumbnail_url': 'https://i.ytimg.com/vi/Q0j9Pu6JGW0/hqdefault.jpg', 'thumbnail_height': 360, 'author_url': 'https://www.youtube.com/channel/UCJdW_z8N12mAC_In7osxplA'}}",False,False,,"{'content': '&lt;iframe width=""459"" height=""344"" src=""https://www.youtube.com/embed/Q0j9Pu6JGW0?feature=oembed&amp;enablejsapi=1"" frameborder=""0"" allow=""accelerometer; autoplay; encrypted-media; gyroscope; picture-in-picture"" allowfullscreen&gt;&lt;/iframe&gt;', 'width': 459, 'scrolling': False, 'media_domain_url': 'https://www.redditmedia.com/mediaembed/gibzj3', 'height': 344}",Commands | How To's,False,1,,False,https://b.thumbs.redditmedia.com/nOHgmGJh1xZ7loCNcj0t4HjVX3usJrnX3ztMrvW5eMY.jpg,False,,[],{},,False,,1589321624.0,text,6,,,text,youtu.be,False,,,,,,False,True,False,False,False,[],[],False,False,False,False,,[],False,,,,t5_3enp4,,,#dadada,gibzj3,True,,EMT101011,,0,True,all_ads,False,[],False,,/r/googlehome/comments/gibzj3/hi_all_im_a_developer_who_recently_built_a_google/,all_ads,False,https://youtu.be/Q0j9Pu6JGW0,152107,1589292824.0,0,"{'type': 'youtube.com', 'oembed': {'provider_url': 'https://www.youtube.com/', 'version': '1.0', 'title': 'Grillme: Get Quizzed by Alexa.', 'type': 'video', 'thumbnail_width': 480, 'height': 344, 'width': 459, 'html': '&lt;iframe width=""459"" height=""344"" src=""https://www.youtube.com/embed/Q0j9Pu6JGW0?feature=oembed&amp;enablejsapi=1"" frameborder=""0"" allow=""accelerometer; autoplay; encrypted-media; gyroscope; picture-in-picture"" allowfullscreen&gt;&lt;/iframe&gt;', 'author_name': 'aisoft', 'provider_name': 'YouTube', 'thumbnail_url': 'https://i.ytimg.com/vi/Q0j9Pu6JGW0/hqdefault.jpg', 'thumbnail_height': 360, 'author_url': 'https://www.youtube.com/channel/UCJdW_z8N12mAC_In7osxplA'}}",False,8784af18-6a3f-11ea-bce7-0eff973eebf1,rich:video,"{'images': [{'source': {'url': 'https://external-preview.redd.it/3z37y4sFshYJk7fAWI7GTNNPuOl3Ev2XQAnVjq_489Q.jpg?auto=webp&amp;s=f76931beb940bc055fcf856838ab2a9de50abf98', 'width': 480, 'height': 360}, 'resolutions': [{'url': 'https://external-preview.redd.it/3z37y4sFshYJk7fAWI7GTNNPuOl3Ev2XQAnVjq_489Q.jpg?width=108&amp;crop=smart&amp;auto=webp&amp;s=90fd2a22380f5018e8d2df82ed1fad480bfc4f0d', 'width': 108, 'height': 81}, {'url': 'https://external-preview.redd.it/3z37y4sFshYJk7fAWI7GTNNPuOl3Ev2XQAnVjq_489Q.jpg?width=216&amp;crop=smart&amp;auto=webp&amp;s=6bb482cd7da81a5d1541d458d7e8b579b2ffef18', 'width': 216, 'height': 162}, {'url': 'https://external-preview.redd.it/3z37y4sFshYJk7fAWI7GTNNPuOl3Ev2XQAnVjq_489Q.jpg?width=320&amp;crop=smart&amp;auto=webp&amp;s=929104342b64fdb8158a892ec3c7d87e655f88e7', 'width': 320, 'height': 240}], 'variants': {}, 'id': 'K20DlGoTL0FUiVujTmsFnEgghB2BBhakfzQi4KevkCA'}], 'enabled': False}"
,googlehome,"We have multiple Minis, Hubs, and the Guards for our security. Anyways, I have noticed that one of our Google Hubs keeps engaging as if someone said ""Hey Google"" even though nobody is saying it. Anyone have this problem before?",t2_556xu8o2,False,,0,False,Google Hub Keeps Engaging,[],r/googlehome,False,6,,0,,True,t3_gibisw,False,dark,1.0,,public,1,0,{},,,False,[],,False,False,,{},,False,1,,False,self,False,,[],{},,True,,1589319997.0,text,6,,,text,self.googlehome,False,"&lt;!-- SC_OFF --&gt;&lt;div class=""md""&gt;&lt;p&gt;We have multiple Minis, Hubs, and the Guards for our security. Anyways, I have noticed that one of our Google Hubs keeps engaging as if someone said &amp;quot;Hey Google&amp;quot; even though nobody is saying it. Anyone have this problem before?&lt;/p&gt;
&lt;/div&gt;&lt;!-- SC_ON --&gt;",,,,,False,True,False,False,False,[],[],False,False,False,False,,[],False,,,,t5_3enp4,,,,gibisw,True,,Immediate_Conference,,0,True,all_ads,False,[],False,,/r/googlehome/comments/gibisw/google_hub_keeps_engaging/,all_ads,False,https://www.reddit.com/r/googlehome/comments/gibisw/google_hub_keeps_engaging/,152107,1589291197.0,0,,False,,,
,googlehome,"Hi all. Just got myself a Google Nest Mini 2. So far, it's been pretty great and I've been really enjoying having it around.

That said, I can't seem to get it to work with my YouTube Music Premium account. Whenever I try to play a song, it just says, ""YouTube Music Isn't Available in Your Country"".

I know for a fact that YouTube Music *is* available in the country I'm in right now (Malaysia) as I have Premium on it (and I pay for it in the local currency too). I've checked the Home Address set on my Google Home app as well and it's correctly set (weather and all works fine).

Please help. It's infuriatingly ironic that Google's own music platform won't work with its smart hub.

EDIT: Wanted to add that Malaysia is in the list of the countries supported by YouTube Music.",t2_2bd0igm,False,,0,False,"""YouTube Music Isn't Available in Your Country""",[],r/googlehome,False,6,,0,,False,t3_gi9ji3,False,dark,0.67,,public,1,0,{},,,False,[],,False,False,,{},,False,1,,False,self,False,,[],{},,True,,1589312213.0,text,6,,,text,self.googlehome,False,"&lt;!-- SC_OFF --&gt;&lt;div class=""md""&gt;&lt;p&gt;Hi all. Just got myself a Google Nest Mini 2. So far, it&amp;#39;s been pretty great and I&amp;#39;ve been really enjoying having it around.&lt;/p&gt;

&lt;p&gt;That said, I can&amp;#39;t seem to get it to work with my YouTube Music Premium account. Whenever I try to play a song, it just says, &amp;quot;YouTube Music Isn&amp;#39;t Available in Your Country&amp;quot;.&lt;/p&gt;

&lt;p&gt;I know for a fact that YouTube Music &lt;em&gt;is&lt;/em&gt; available in the country I&amp;#39;m in right now (Malaysia) as I have Premium on it (and I pay for it in the local currency too). I&amp;#39;ve checked the Home Address set on my Google Home app as well and it&amp;#39;s correctly set (weather and all works fine).&lt;/p&gt;

&lt;p&gt;Please help. It&amp;#39;s infuriatingly ironic that Google&amp;#39;s own music platform won&amp;#39;t work with its smart hub.&lt;/p&gt;

&lt;p&gt;EDIT: Wanted to add that Malaysia is in the list of the countries supported by YouTube Music.&lt;/p&gt;
&lt;/div&gt;&lt;!-- SC_ON --&gt;",,,,,False,True,False,False,False,[],[],False,False,False,False,,[],False,,,,t5_3enp4,,,,gi9ji3,True,,Ketsueki_R,,1,True,all_ads,False,[],False,,/r/googlehome/comments/gi9ji3/youtube_music_isnt_available_in_your_country/,all_ads,False,https://www.reddit.com/r/googlehome/comments/gi9ji3/youtube_music_isnt_available_in_your_country/,152107,1589283413.0,0,,False,,,
,googlehome,"Just got Google nest wifi with one access point. While it is nice, they need to give advanced users more options.",t2_11rgls,False,,0,False,"When are they going to give us an option to split our 2.4 &amp; 5Ghz? By default it could stay as is, but for us that know a little more, we should be able to toggle it in and have 2 wifis to pick from to set up smart devices that only use 2.4.",[],r/googlehome,False,6,,0,,False,t3_gi9c5a,False,dark,0.5,,public,0,0,{},,,False,[],,False,False,,{},Help,False,0,,False,self,False,,[],{},,True,,1589311300.0,text,6,,,text,self.googlehome,False,"&lt;!-- SC_OFF --&gt;&lt;div class=""md""&gt;&lt;p&gt;Just got Google nest wifi with one access point. While it is nice, they need to give advanced users more options.&lt;/p&gt;
&lt;/div&gt;&lt;!-- SC_ON --&gt;",,,,,False,True,False,False,False,[],[],False,False,False,False,,[],False,,,,t5_3enp4,,,,gi9c5a,True,,dh4645,,11,True,all_ads,False,[],False,,/r/googlehome/comments/gi9c5a/when_are_they_going_to_give_us_an_option_to_split/,all_ads,False,https://www.reddit.com/r/googlehome/comments/gi9c5a/when_are_they_going_to_give_us_an_option_to_split/,152107,1589282500.0,0,,False,008d9c20-b78e-11e6-9e45-0e53646228d0,,
,googlehome,I'm not sure why Google makes this so difficult. How does one schedule a routine to lock doors and turn off lights? I do not want to have a voice command and I do not have a speaker that can be selected to play back on. On my Pixel it wants me to select a speaker but that's not possible for me to do. What gives?,t2_171y6x,False,,0,False,How to schedule a routine without requiring voice or feedback?,[],r/googlehome,False,6,,0,,False,t3_ghzm6v,False,dark,1.0,,public,3,0,{},,,False,[],,False,False,,{},,False,3,,False,self,False,,[],{},,True,,1589270168.0,text,6,,,text,self.googlehome,False,"&lt;!-- SC_OFF --&gt;&lt;div class=""md""&gt;&lt;p&gt;I&amp;#39;m not sure why Google makes this so difficult. How does one schedule a routine to lock doors and turn off lights? I do not want to have a voice command and I do not have a speaker that can be selected to play back on. On my Pixel it wants me to select a speaker but that&amp;#39;s not possible for me to do. What gives?&lt;/p&gt;
&lt;/div&gt;&lt;!-- SC_ON --&gt;",,,,,False,True,False,False,False,[],[],False,False,False,False,,[],False,,,,t5_3enp4,,,,ghzm6v,True,,BlueRoller,,6,True,all_ads,False,[],False,,/r/googlehome/comments/ghzm6v/how_to_schedule_a_routine_without_requiring_voice/,all_ads,False,https://www.reddit.com/r/googlehome/comments/ghzm6v/how_to_schedule_a_routine_without_requiring_voice/,152107,1589241368.0,0,,False,,,
,googlehome,Does anyone know if Google will add group video chat to nest hub max.,t2_6fbgc4tr,False,,0,False,Nest hub max group video call,[],r/googlehome,False,6,,0,,False,t3_gi4wdi,False,dark,1.0,,public,1,0,{},,,False,[],,False,False,,{},,False,1,,False,self,False,,[],{},,True,,1589290271.0,text,6,,,text,self.googlehome,False,"&lt;!-- SC_OFF --&gt;&lt;div class=""md""&gt;&lt;p&gt;Does anyone know if Google will add group video chat to nest hub max.&lt;/p&gt;
&lt;/div&gt;&lt;!-- SC_ON --&gt;",,,,,False,True,False,False,False,[],[],False,False,False,False,,[],False,,,,t5_3enp4,,,,gi4wdi,True,,LazyOsiris,,9,True,all_ads,False,[],False,,/r/googlehome/comments/gi4wdi/nest_hub_max_group_video_call/,all_ads,False,https://www.reddit.com/r/googlehome/comments/gi4wdi/nest_hub_max_group_video_call/,152107,1589261471.0,0,,False,,,
,googlehome,,t2_5rrb5fau,False,,0,False,"Three of my Hue bulbs were deleted from my old home and have already been successfully re-set up. However, their phantom copies are haunting my Google Home app?",[],r/googlehome,False,6,,0,140.0,False,t3_ghdq5i,False,dark,0.98,,public,168,0,{},140.0,,False,[],,True,False,,{},Help,False,168,,False,https://b.thumbs.redditmedia.com/l5dO4v4vIe4HtkiyUgNvDVSrFxdlxPGtjcMhO5-h36g.jpg,False,,[],{},,False,,1589187934.0,text,6,,,text,i.redd.it,False,,,,,,False,False,False,False,False,[],[],False,False,False,False,,[],False,,,,t5_3enp4,,,,ghdq5i,True,,likeellewoods,,29,True,all_ads,False,[],False,,/r/googlehome/comments/ghdq5i/three_of_my_hue_bulbs_were_deleted_from_my_old/,all_ads,False,https://i.redd.it/v3alyxnhc1y41.jpg,152107,1589159134.0,0,,False,008d9c20-b78e-11e6-9e45-0e53646228d0,image,"{'images': [{'source': {'url': 'https://preview.redd.it/v3alyxnhc1y41.jpg?auto=webp&amp;s=312b106fe8c0f9114f65256b9567af418a37de46', 'width': 828, 'height': 897}, 'resolutions': [{'url': 'https://preview.redd.it/v3alyxnhc1y41.jpg?width=108&amp;crop=smart&amp;auto=webp&amp;s=a40caee1a53a90d9b229e1bc9cbe42453670cf27', 'width': 108, 'height': 116}, {'url': 'https://preview.redd.it/v3alyxnhc1y41.jpg?width=216&amp;crop=smart&amp;auto=webp&amp;s=6d48a75d6411b278bb5c5e1a212b977474f5441d', 'width': 216, 'height': 233}, {'url': 'https://preview.redd.it/v3alyxnhc1y41.jpg?width=320&amp;crop=smart&amp;auto=webp&amp;s=1183d2f880a268f104327b12abb875258450a254', 'width': 320, 'height': 346}, {'url': 'https://preview.redd.it/v3alyxnhc1y41.jpg?width=640&amp;crop=smart&amp;auto=webp&amp;s=b53515e16d47b824b51670070e1807826be25e52', 'width': 640, 'height': 693}], 'variants': {}, 'id': 'xGeZDau7jySHk6Ofea01wJR5oI5wPTxuv_6Z_gAXwhQ'}], 'enabled': True}"
,googlehome,"When I got my myactivity I can see the history of my commands to Google home (transcribed in English), but there is no recording associated with the command. I have ""include voice and audio recordings"" turned on. Anyway to get the recording back?",t2_3i0j1,False,,0,False,Google home no audio recording,[],r/googlehome,False,6,,0,,False,t3_gi48cc,False,dark,1.0,,public,1,0,{},,,False,[],,False,False,,{},,False,1,,False,self,False,,[],{},,True,,1589287317.0,text,6,,,text,self.googlehome,False,"&lt;!-- SC_OFF --&gt;&lt;div class=""md""&gt;&lt;p&gt;When I got my myactivity I can see the history of my commands to Google home (transcribed in English), but there is no recording associated with the command. I have &amp;quot;include voice and audio recordings&amp;quot; turned on. Anyway to get the recording back?&lt;/p&gt;
&lt;/div&gt;&lt;!-- SC_ON --&gt;",,,,,False,True,False,False,False,[],[],False,False,False,False,,[],False,,,,t5_3enp4,,,,gi48cc,True,,tzcomwhiz,,2,True,all_ads,False,[],False,,/r/googlehome/comments/gi48cc/google_home_no_audio_recording/,all_ads,False,https://www.reddit.com/r/googlehome/comments/gi48cc/google_home_no_audio_recording/,152107,1589258517.0,0,,False,,,
,googlehome,"There's no Bluetooth in my PC.  So when I cast from Chrome to Google Home Smart Speaker to watch a video from monitor with audio from the speaker, I can't watch it in full screen.  How do I fix it?",t2_irnjcmh,False,,0,False,Disabled full screen when casting from Chrome to Goolgle Home Smart Speaker,[],r/googlehome,False,6,,0,,False,t3_gi475s,False,dark,1.0,,public,1,0,{},,,False,[],,False,False,,{},,False,1,,False,self,False,,[],{},,True,,1589287181.0,text,6,,,text,self.googlehome,False,"&lt;!-- SC_OFF --&gt;&lt;div class=""md""&gt;&lt;p&gt;There&amp;#39;s no Bluetooth in my PC.  So when I cast from Chrome to Google Home Smart Speaker to watch a video from monitor with audio from the speaker, I can&amp;#39;t watch it in full screen.  How do I fix it?&lt;/p&gt;
&lt;/div&gt;&lt;!-- SC_ON --&gt;",,,,,False,True,False,False,False,[],[],False,False,False,False,,[],False,,,,t5_3enp4,,,,gi475s,True,,bucymo,,1,True,all_ads,False,[],False,,/r/googlehome/comments/gi475s/disabled_full_screen_when_casting_from_chrome_to/,all_ads,False,https://www.reddit.com/r/googlehome/comments/gi475s/disabled_full_screen_when_casting_from_chrome_to/,152107,1589258381.0,0,,False,,,
,googlehome,"Hi all,

I recently bought a second mini so that we could play music in multiple rooms simultaneously. The mini works fine by itself but when playing music as a speaker group it will become all distorted randomly (happens around every other song or so). Tried restarting, using a different music service, moving the mini closer, etc. but no luck. Has anyone successfully fixed this issue? I see that other people have reported it but no verified solutions.",t2_w2rx1,False,,0,False,Distortion on speaker group,[],r/googlehome,False,6,,0,,False,t3_gi3zr9,False,dark,1.0,,public,1,0,{},,,False,[],,False,False,,{},,False,1,,False,self,False,,[],{},,True,,1589286311.0,text,6,,,text,self.googlehome,False,"&lt;!-- SC_OFF --&gt;&lt;div class=""md""&gt;&lt;p&gt;Hi all,&lt;/p&gt;

&lt;p&gt;I recently bought a second mini so that we could play music in multiple rooms simultaneously. The mini works fine by itself but when playing music as a speaker group it will become all distorted randomly (happens around every other song or so). Tried restarting, using a different music service, moving the mini closer, etc. but no luck. Has anyone successfully fixed this issue? I see that other people have reported it but no verified solutions.&lt;/p&gt;
&lt;/div&gt;&lt;!-- SC_ON --&gt;",,,,,False,True,False,False,False,[],[],False,False,False,False,,[],False,,,,t5_3enp4,,,,gi3zr9,True,,Moncoko,,0,True,all_ads,False,[],False,,/r/googlehome/comments/gi3zr9/distortion_on_speaker_group/,all_ads,False,https://www.reddit.com/r/googlehome/comments/gi3zr9/distortion_on_speaker_group/,152107,1589257511.0,0,,False,,,
,googlehome,,t2_75b9elt,False,,0,False,Placeholder image instead of the icons?!?,[],r/googlehome,False,6,,0,105.0,False,t3_ghzg5l,False,dark,1.0,,public,2,0,{},140.0,,False,[],,True,False,,{},,False,2,,False,https://b.thumbs.redditmedia.com/676Rc9KzyP9L6M9VlNP08ZP5-YO89AzUUC4KcVXurkA.jpg,False,,[],{},,False,,1589269605.0,text,6,,,text,i.redd.it,False,,,,,,False,True,False,False,False,[],[],False,False,False,False,,[],False,,,,t5_3enp4,,,,ghzg5l,True,,EsteveA,,0,True,all_ads,False,[],False,,/r/googlehome/comments/ghzg5l/placeholder_image_instead_of_the_icons/,all_ads,False,https://i.redd.it/f4zuwd3c38y41.jpg,152107,1589240805.0,0,,False,,image,"{'images': [{'source': {'url': 'https://preview.redd.it/f4zuwd3c38y41.jpg?auto=webp&amp;s=00da59d119541d2f6a1b983fccfe3760f25f3ce4', 'width': 1280, 'height': 960}, 'resolutions': [{'url': 'https://preview.redd.it/f4zuwd3c38y41.jpg?width=108&amp;crop=smart&amp;auto=webp&amp;s=404f4c882b291fc49fa28a35a1f95cf2b629625f', 'width': 108, 'height': 81}, {'url': 'https://preview.redd.it/f4zuwd3c38y41.jpg?width=216&amp;crop=smart&amp;auto=webp&amp;s=0a64dee4052feea2117870dfbe6db0b1c120c2a3', 'width': 216, 'height': 162}, {'url': 'https://preview.redd.it/f4zuwd3c38y41.jpg?width=320&amp;crop=smart&amp;auto=webp&amp;s=c88686c359e0bab1fc920e05c04023c0f8a80312', 'width': 320, 'height': 240}, {'url': 'https://preview.redd.it/f4zuwd3c38y41.jpg?width=640&amp;crop=smart&amp;auto=webp&amp;s=0963fd34b59dee0bb63f16e13ac535cb5f06ed3e', 'width': 640, 'height': 480}, {'url': 'https://preview.redd.it/f4zuwd3c38y41.jpg?width=960&amp;crop=smart&amp;auto=webp&amp;s=2809d4dcba5e36f6c22e4a145ad3fdf991e7b3d7', 'width': 960, 'height': 720}, {'url': 'https://preview.redd.it/f4zuwd3c38y41.jpg?width=1080&amp;crop=smart&amp;auto=webp&amp;s=3f6f3b2a83995553c758d7eded7730ee7e74ca3f', 'width': 1080, 'height': 810}], 'variants': {}, 'id': '9NMz1tdqBfjsVkkkxKZyrihy2klVwJNMtE0YR2AfLTM'}], 'enabled': True}"
,googlehome,"The Lenovo Smart display has been out for nearly two years. I am debating buying one as I can get it for a very attractive price point. 

With that said, I am wondering if people here have one and recommend it. Is it still being updated? Have the updates been frequent and beneficial? Are there pros and cons to it over other smart displays? How is the mic? Can the mic pick up audio from across a room?

My main point of using it is to replace my google home mini and for a live album/digital picture frame. I probably won't use it for music or video chats that frequently but I like the option that it exists.",t2_43z4s,False,,0,False,"Lenovo Smart Display 10""",[],r/googlehome,False,6,,0,,False,t3_ghz95m,False,dark,1.0,,public,2,0,{},,,False,[],,False,False,,{},Help,False,2,,False,self,1589240601.0,,[],{},,True,,1589268944.0,text,6,,,text,self.googlehome,False,"&lt;!-- SC_OFF --&gt;&lt;div class=""md""&gt;&lt;p&gt;The Lenovo Smart display has been out for nearly two years. I am debating buying one as I can get it for a very attractive price point. &lt;/p&gt;

&lt;p&gt;With that said, I am wondering if people here have one and recommend it. Is it still being updated? Have the updates been frequent and beneficial? Are there pros and cons to it over other smart displays? How is the mic? Can the mic pick up audio from across a room?&lt;/p&gt;

&lt;p&gt;My main point of using it is to replace my google home mini and for a live album/digital picture frame. I probably won&amp;#39;t use it for music or video chats that frequently but I like the option that it exists.&lt;/p&gt;
&lt;/div&gt;&lt;!-- SC_ON --&gt;",,,,,False,True,False,False,False,[],[],False,False,False,False,,[],False,,,,t5_3enp4,,,,ghz95m,True,,foxy_420,,5,True,all_ads,False,[],False,,/r/googlehome/comments/ghz95m/lenovo_smart_display_10/,all_ads,False,https://www.reddit.com/r/googlehome/comments/ghz95m/lenovo_smart_display_10/,152107,1589240144.0,0,,False,008d9c20-b78e-11e6-9e45-0e53646228d0,,
,googlehome,"Hi!
I have a google home in my living room, one in the kid room and in my room. 
I was wondering if it was possible to create a good night routine or any types of routine using the same command for each room. 

For example, if I say « okay google good night » in the living room, the lights in the living room will turn off and the door will lock. 
While if the kid or I say « okay google good night » in our bedrooms, the light will only turn of there.

Thank you in advance :)",t2_5lcn9uyy,False,,0,False,Same routine command but different actions according to the room,[],r/googlehome,False,6,,0,,False,t3_gi2g2e,False,dark,1.0,,public,1,0,{},,,False,[],,False,False,,{},,False,1,,False,self,False,,[],{},,True,,1589280219.0,text,6,,,text,self.googlehome,False,"&lt;!-- SC_OFF --&gt;&lt;div class=""md""&gt;&lt;p&gt;Hi!
I have a google home in my living room, one in the kid room and in my room. 
I was wondering if it was possible to create a good night routine or any types of routine using the same command for each room. &lt;/p&gt;

&lt;p&gt;For example, if I say « okay google good night » in the living room, the lights in the living room will turn off and the door will lock. 
While if the kid or I say « okay google good night » in our bedrooms, the light will only turn of there.&lt;/p&gt;

&lt;p&gt;Thank you in advance :)&lt;/p&gt;
&lt;/div&gt;&lt;!-- SC_ON --&gt;",,,,,False,True,False,False,False,[],[],False,False,False,False,,[],False,,,,t5_3enp4,,,,gi2g2e,True,,Mike139001,,5,True,all_ads,False,[],False,,/r/googlehome/comments/gi2g2e/same_routine_command_but_different_actions/,all_ads,False,https://www.reddit.com/r/googlehome/comments/gi2g2e/same_routine_command_but_different_actions/,152107,1589251419.0,0,,False,,,
,googlehome,"Yesterday, the SmartThings devices that are linked to my Google Home account randomly stopped working. ""Hey Google, living room lights on"" and she replied ""To get help with that, you'll need to give me some more information. You can do that in the Google Home app.""

Any idea how I can fix this? I'm having to turn on and off my lights by hand...I'm living *like a caveman*.",t2_16cnqi,False,,0,False,SmartThings randomly stopped working,[],r/googlehome,False,6,,0,,False,t3_ght71r,False,dark,0.83,,public,4,0,{},,,False,[],,False,False,,{},,False,4,,False,self,False,,[],{},,True,,1589250152.0,text,6,,,text,self.googlehome,False,"&lt;!-- SC_OFF --&gt;&lt;div class=""md""&gt;&lt;p&gt;Yesterday, the SmartThings devices that are linked to my Google Home account randomly stopped working. &amp;quot;Hey Google, living room lights on&amp;quot; and she replied &amp;quot;To get help with that, you&amp;#39;ll need to give me some more information. You can do that in the Google Home app.&amp;quot;&lt;/p&gt;

&lt;p&gt;Any idea how I can fix this? I&amp;#39;m having to turn on and off my lights by hand...I&amp;#39;m living &lt;em&gt;like a caveman&lt;/em&gt;.&lt;/p&gt;
&lt;/div&gt;&lt;!-- SC_ON --&gt;",,,,,False,True,False,False,False,[],[],False,False,False,False,,[],False,,,,t5_3enp4,,,,ght71r,True,,CaptainSkullplank,,4,True,all_ads,False,[],False,,/r/googlehome/comments/ght71r/smartthings_randomly_stopped_working/,all_ads,False,https://www.reddit.com/r/googlehome/comments/ght71r/smartthings_randomly_stopped_working/,152107,1589221352.0,0,,False,,,
,googlehome,,t2_3eeo82zj,False,,0,False,"I've tried re-training the voice model a lot and still google home says this. In the app, in Bedtime routine there's setting icon beside 'ask for alarm' command, which takes me to check if I want to ""run the good morning routine after dismissing the alarm"". I checked it, it doesn't work. Any fix?",[],r/googlehome,False,6,,0,78.0,False,t3_ghsa4p,False,dark,1.0,,public,4,0,{},140.0,,False,[],"{'reddit_video': {'fallback_url': 'https://v.redd.it/4145wa6f86y41/DASH_1080?source=fallback', 'height': 1080, 'width': 1920, 'scrubber_media_url': 'https://v.redd.it/4145wa6f86y41/DASH_96', 'dash_url': 'https://v.redd.it/4145wa6f86y41/DASHPlaylist.mpd', 'duration': 46, 'hls_url': 'https://v.redd.it/4145wa6f86y41/HLSPlaylist.m3u8', 'is_gif': False, 'transcoding_status': 'completed'}}",True,False,,{},Help,False,4,,False,https://b.thumbs.redditmedia.com/jQJzzzyZqSMgpb_zuk4TXwHLEbJPJEghduWqIsS0eHQ.jpg,False,,[],{},,False,,1589247540.0,text,6,,,text,v.redd.it,False,,,,,,False,True,False,False,False,[],[],False,False,False,False,,[],False,,,,t5_3enp4,,,,ghsa4p,True,,lemmelearnlol,,2,True,all_ads,False,[],False,,/r/googlehome/comments/ghsa4p/ive_tried_retraining_the_voice_model_a_lot_and/,all_ads,False,https://v.redd.it/4145wa6f86y41,152107,1589218740.0,0,"{'reddit_video': {'fallback_url': 'https://v.redd.it/4145wa6f86y41/DASH_1080?source=fallback', 'height': 1080, 'width': 1920, 'scrubber_media_url': 'https://v.redd.it/4145wa6f86y41/DASH_96', 'dash_url': 'https://v.redd.it/4145wa6f86y41/DASHPlaylist.mpd', 'duration': 46, 'hls_url': 'https://v.redd.it/4145wa6f86y41/HLSPlaylist.m3u8', 'is_gif': False, 'transcoding_status': 'completed'}}",True,008d9c20-b78e-11e6-9e45-0e53646228d0,hosted:video,"{'images': [{'source': {'url': 'https://external-preview.redd.it/-B4CEZ2tvLeswsLbolzzmzFOVt8fWG2RLE90bvXEpdA.jpg?format=pjpg&amp;auto=webp&amp;s=95b972e6b29fb1e25cc7a5ca9831d36688c24b4c', 'width': 1920, 'height': 1080}, 'resolutions': [{'url': 'https://external-preview.redd.it/-B4CEZ2tvLeswsLbolzzmzFOVt8fWG2RLE90bvXEpdA.jpg?width=108&amp;crop=smart&amp;format=pjpg&amp;auto=webp&amp;s=441c7735d836f73c2ceb5f666fb896b329240e8b', 'width': 108, 'height': 60}, {'url': 'https://external-preview.redd.it/-B4CEZ2tvLeswsLbolzzmzFOVt8fWG2RLE90bvXEpdA.jpg?width=216&amp;crop=smart&amp;format=pjpg&amp;auto=webp&amp;s=6ec5697ff561b9aa0a571c7c06b05a188dd34b6c', 'width': 216, 'height': 121}, {'url': 'https://external-preview.redd.it/-B4CEZ2tvLeswsLbolzzmzFOVt8fWG2RLE90bvXEpdA.jpg?width=320&amp;crop=smart&amp;format=pjpg&amp;auto=webp&amp;s=f3a5a420eab77e8164926f71dc002b350d98fbc9', 'width': 320, 'height': 180}, {'url': 'https://external-preview.redd.it/-B4CEZ2tvLeswsLbolzzmzFOVt8fWG2RLE90bvXEpdA.jpg?width=640&amp;crop=smart&amp;format=pjpg&amp;auto=webp&amp;s=e9abc76897c76ba62d3644629e6937771ecb70d2', 'width': 640, 'height': 360}, {'url': 'https://external-preview.redd.it/-B4CEZ2tvLeswsLbolzzmzFOVt8fWG2RLE90bvXEpdA.jpg?width=960&amp;crop=smart&amp;format=pjpg&amp;auto=webp&amp;s=1fee9370d6504ee885e487366a5ee690a6eec65b', 'width': 960, 'height': 540}, {'url': 'https://external-preview.redd.it/-B4CEZ2tvLeswsLbolzzmzFOVt8fWG2RLE90bvXEpdA.jpg?width=1080&amp;crop=smart&amp;format=pjpg&amp;auto=webp&amp;s=133a5b08cd834f6537cb5f526350cb4f91115857', 'width': 1080, 'height': 607}], 'variants': {}, 'id': '6jrGeALZd6yKUNaMb8Wmn_8-RzHGQtGhb9XcOEQaZLY'}], 'enabled': False}"
,googlehome,"How do I connect my fan to my Google nest? I can't find anything anywhere explaining how to do it. The box says ""works with Google assistant,"" but I'm not sure if that's really accurate.",t2_3dgc4w8e,False,,0,False,Hunter fan,[],r/googlehome,False,6,,0,,False,t3_gi0u1k,False,dark,1.0,,public,1,0,{},,,False,[],,False,False,,{},Help,False,1,,False,self,False,,[],{},,True,,1589274418.0,text,6,,,text,self.googlehome,False,"&lt;!-- SC_OFF --&gt;&lt;div class=""md""&gt;&lt;p&gt;How do I connect my fan to my Google nest? I can&amp;#39;t find anything anywhere explaining how to do it. The box says &amp;quot;works with Google assistant,&amp;quot; but I&amp;#39;m not sure if that&amp;#39;s really accurate.&lt;/p&gt;
&lt;/div&gt;&lt;!-- SC_ON --&gt;",,,,,False,True,False,False,False,[],[],False,False,False,False,,[],False,,,,t5_3enp4,,,,gi0u1k,True,,Nchill7,,5,True,all_ads,False,[],False,,/r/googlehome/comments/gi0u1k/hunter_fan/,all_ads,False,https://www.reddit.com/r/googlehome/comments/gi0u1k/hunter_fan/,152107,1589245618.0,0,,False,008d9c20-b78e-11e6-9e45-0e53646228d0,,
,googlehome,"Hello all. My kids love radio Disney, especially during bath time. Here in the US I have noticed that my previous command for google home to play radio Disney, hey google play radio Disney, is now defaulting to play radio Disney country. It’s has been like this for months and I can’t find a solution. Previously the command would play the traditional radio Disney “pop” station. Now any radio Disney command I throw at it just plays the country station. I now just go to the app and cast the right station. 

Is anyone noticing the same or have any ideas for me to try?",t2_6i5pp,False,,0,False,Google home commands for Radio Disney (iHeartRadio) missing,[],r/googlehome,False,6,,0,,False,t3_ghz9nk,False,dark,1.0,,public,1,0,{},,,False,[],,False,False,,{},,False,1,,False,self,False,,[],{},,True,,1589268991.0,text,6,,,text,self.googlehome,False,"&lt;!-- SC_OFF --&gt;&lt;div class=""md""&gt;&lt;p&gt;Hello all. My kids love radio Disney, especially during bath time. Here in the US I have noticed that my previous command for google home to play radio Disney, hey google play radio Disney, is now defaulting to play radio Disney country. It’s has been like this for months and I can’t find a solution. Previously the command would play the traditional radio Disney “pop” station. Now any radio Disney command I throw at it just plays the country station. I now just go to the app and cast the right station. &lt;/p&gt;

&lt;p&gt;Is anyone noticing the same or have any ideas for me to try?&lt;/p&gt;
&lt;/div&gt;&lt;!-- SC_ON --&gt;",,,,,False,True,False,False,False,[],[],False,False,False,False,,[],False,,,,t5_3enp4,,,,ghz9nk,True,,michaelpat87,,1,True,all_ads,False,[],False,,/r/googlehome/comments/ghz9nk/google_home_commands_for_radio_disney_iheartradio/,all_ads,False,https://www.reddit.com/r/googlehome/comments/ghz9nk/google_home_commands_for_radio_disney_iheartradio/,152107,1589240191.0,0,,False,,,
,googlehome,"I have a big room and I paired my nests in each side of it. Trouble is I want the assistants voice to come out of both but it goes to the one in the far end of the room, is there any way to do this?",t2_2kad96l,False,,0,False,Paired speakers voice output??,[],r/googlehome,False,6,,0,,False,t3_ghyuk9,False,dark,0.5,,public,0,0,{},,,False,[],,False,False,,{},Tips,False,0,,False,self,False,,[],{},,True,,1589267614.0,text,6,,,text,self.googlehome,False,"&lt;!-- SC_OFF --&gt;&lt;div class=""md""&gt;&lt;p&gt;I have a big room and I paired my nests in each side of it. Trouble is I want the assistants voice to come out of both but it goes to the one in the far end of the room, is there any way to do this?&lt;/p&gt;
&lt;/div&gt;&lt;!-- SC_ON --&gt;",,,,,False,True,False,False,False,[],[],False,False,False,False,,[],False,,,,t5_3enp4,,,#7193ff,ghyuk9,True,,Necrobata,,1,True,all_ads,False,[],False,,/r/googlehome/comments/ghyuk9/paired_speakers_voice_output/,all_ads,False,https://www.reddit.com/r/googlehome/comments/ghyuk9/paired_speakers_voice_output/,152107,1589238814.0,0,,False,2d38cd80-b78e-11e6-afba-0e53646228d0,,
,googlehome,"[SOLVED] Easy enough to send an sms text, but I can't figure out how to send a Whatsapp Message. Is this possible?

I was testing my sending a WhatsApp to myself, which wasn't working. Here's the action that worked for me:

**Send ""This is a test message, please ignore"" to FirstName LastName on WhatsApp**",t2_d9rtu,False,,0,False,How do I send a WhatsApp message with a routine?,[],r/googlehome,False,6,,0,,False,t3_ghoywt,False,dark,0.65,,public,4,0,{},,,False,[],,False,False,,{},Help,False,4,,False,self,1589214431.0,,[],{},,True,,1589237454.0,text,6,,,text,self.googlehome,False,"&lt;!-- SC_OFF --&gt;&lt;div class=""md""&gt;&lt;p&gt;[SOLVED] Easy enough to send an sms text, but I can&amp;#39;t figure out how to send a Whatsapp Message. Is this possible?&lt;/p&gt;

&lt;p&gt;I was testing my sending a WhatsApp to myself, which wasn&amp;#39;t working. Here&amp;#39;s the action that worked for me:&lt;/p&gt;

&lt;p&gt;&lt;strong&gt;Send &amp;quot;This is a test message, please ignore&amp;quot; to FirstName LastName on WhatsApp&lt;/strong&gt;&lt;/p&gt;
&lt;/div&gt;&lt;!-- SC_ON --&gt;",,,,,False,False,False,False,False,[],[],False,False,False,False,,[],False,,,,t5_3enp4,,,,ghoywt,True,,Mister_Kurtz,,2,True,all_ads,False,[],False,,/r/googlehome/comments/ghoywt/how_do_i_send_a_whatsapp_message_with_a_routine/,all_ads,False,https://www.reddit.com/r/googlehome/comments/ghoywt/how_do_i_send_a_whatsapp_message_with_a_routine/,152107,1589208654.0,0,,False,008d9c20-b78e-11e6-9e45-0e53646228d0,,
